Title,Company,Location,Tag,Type,Link
Software Engineering Co-op - Fall 2023,Form Energy,"Somerville, MA",Bucket 2,Internship,https://climatebase.org/job/46614352/software-engineering-co-op---fall-2023?source=jobs_directory
"VP, People and Culture","Rondo Energy, Inc","Alameda, CA",Bucket 7,Full-Time,https://climatebase.org/job/46560611/vp-people-and-culture?source=jobs_directory
PR-Manager (m/f/d),ClimatePartner,Munich,Bucket 7,Full-Time,https://climatebase.org/job/46611585/pr-manager-mfd?source=jobs_directory
Supply Chain Manager,Heirloom,"Brisbane, CA",Bucket 7,Full-Time,https://climatebase.org/job/46610479/supply-chain-manager?source=jobs_directory
Northeastern Campaign Manager,Natural Resources Defense Council,"Any City, US",Bucket 7,Full-Time,https://climatebase.org/job/46610310/northeastern-campaign-manager?source=jobs_directory
Office Manager,"Cove Tool, Inc.","Atlanta, Georgia, United States",Bucket 7,Full-Time,https://climatebase.org/job/46610299/office-manager?source=jobs_directory
Senior Payroll and Benefits Associate,The Climate Reality Project,"Washington D.C., DC, USA",Bucket 7,Full-Time,https://climatebase.org/job/45982709/senior-payroll-and-benefits-associate-?source=jobs_directory
Business Controller,CHOOOSE,Remote,Bucket 7,Full-Time,https://climatebase.org/job/46608681/business-controller?source=jobs_directory
Business Operations Manager,Verne,"San Francisco, CA, USA",Bucket 7,Full-Time,https://climatebase.org/job/46595814/business-operations-manager?source=jobs_directory
Talent Partner - Commercial,ev.energy,Remote (United States),Bucket 7,Full-Time,https://climatebase.org/job/46608656/talent-partner---commercial?source=jobs_directory
Manager of Customer Success,Electric Hydrogen,"San Carlos, California, United States",Bucket 7,Full-Time,https://climatebase.org/job/46605821/manager-of-customer-success?source=jobs_directory
"Strategic account executive, EMEA",Watershed,London,Bucket 7,Full-Time,https://climatebase.org/job/46162677/strategic-account-executive-emea?source=jobs_directory
Partnerships Manager,Genecis Bioindustries,"Remote (New York City, NY, USA)",Bucket 7,Full-Time,https://climatebase.org/job/46605465/partnerships-manager?source=jobs_directory
Commercial Sustainability Manager (Sales),ClimatePartner,London,Bucket 7,Full-Time,https://climatebase.org/job/46605184/commercial-sustainability-manager-sales?source=jobs_directory
Product Manager - Compliance and Reporting,Regrow Ag,Remote,Bucket 7,Full-Time,https://climatebase.org/job/46598841/product-manager---compliance-and-reporting?source=jobs_directory
Salesforce Architect,Voltus,Remote,Bucket 7,Full-Time,https://climatebase.org/job/46595877/salesforce-architect?source=jobs_directory
Environmental Project Manager,Clarity Movement Co.,Remote (United States),Bucket 7,Full-Time,https://climatebase.org/job/46595810/environmental-project-manager?source=jobs_directory
Strategic Partnerships Manager,CHOOOSE,Remote,Bucket 7,Full-Time,https://climatebase.org/job/46208986/strategic-partnerships-manager?source=jobs_directory
Project /Delivery Manager,The Landbanking Group,Remote,Bucket 7,Full-Time,https://climatebase.org/job/46595256/project-delivery-manager?source=jobs_directory
"Partner, Climate Change (Partner Level)",ERM Group,"Irvine, CA US",Bucket 7,Full-Time,https://www.indeed.com/viewjob?jk=8b625d41c42110c2&qd=6aT68farU9m7icjO5IY02TcOJuvXS98tHg_gDTlx6X-ShDHlXsGVC9IdDfl8x_IOr17gaXw3_7Nd5PuyCvJEKae-lr99myVzt5xig7RdEPFRcN7opQqXGVHkPhOJX6PpNVbuGkvXR_7b87sG_geiaw&indpubnum=8133785542743173&atk=1h4gt89oa2gv9000
Regional Organizer-Ohio,The Climate Reality Project,Ohio United States,Bucket 7,Temporary,https://greenjobs.greenjobsearch.org/jobs/regional-organizer-ohio/
"Director, Frontline Resources Institute",Environmental Defense Fund,Remote,Bucket 7,Internship,https://www.climatechangecareers.com/job/environmental-defense-fund/remote/director-frontline-resources-institute/
Senior Vice President for International,Natural Resources Defense Council,US,Bucket 7,Internship,https://climatebase.org/job/46629192/senior-vice-president-for-international?source=jobs_directory
"Director, Internal Communications Content & Employee Engagement",Natural Resources Defense Council,"New York, NY, US",Bucket 7,Internship,https://climatebase.org/job/45973858/director-internal-communications-content--employee-engagement?source=jobs_directory
Human Resources Intern,SB Energy DevCo (US) Inc.,"San Francisco Bay Area, CA",Bucket 7,Internship,https://climatebase.org/job/46499402/human-resources-intern?source=jobs_directory
Operations Intern,Charm Industrial,"San Francisco , Fort Lupton, Co",Bucket 7,Internship,https://climatebase.org/job/46449413/operations-intern?source=jobs_directory
"Director, International Business Development",EnergyHub,"Remote (Ny, Vt)",Bucket 7,Internship,https://climatebase.org/job/46375390/director-international-business-development?source=jobs_directory
Corporate Engagement Intern,The Good Food Institute,Remote (United States),Bucket 7,Internship,https://climatebase.org/job/46503231/corporate-engagement-intern?source=jobs_directory
Procurement Intern,Memphis Meats,"Emeryville, CA",Bucket 7,Internship,https://climatebase.org/job/46161841/procurement-intern?source=jobs_directory
Corporate Development Intern,Nexamp,"Boston, MA",Bucket 7,Internship,https://climatebase.org/job/46367614/corporate-development-intern?source=jobs_directory
Supply Chain Sourcing Intern,Nexamp,"Chicago, IL",Bucket 7,Internship,https://climatebase.org/job/46342741/supply-chain-sourcing-intern?source=jobs_directory
Construction Project Management Intern,Nexamp,"Sturbridge, MA",Bucket 7,Internship,https://climatebase.org/job/46321138/construction-project-management-intern?source=jobs_directory
Philanthropy Events Coordinator,"Santa Rosa, CA",Sonoma Land Trust,Bucket 7,Full-Time,https://www.conservationjobboard.com/job-listing-philanthropy-events-coordinator-santa-rosa-california/1836882691
Executive Director,"Salida, CO",GARNA - Greater Arkansas River Nature Association,Bucket 7,Full-Time,https://www.conservationjobboard.com/job-listing-executive-director-salida-colorado/3532316402
Resource Management Administrative Assistant,"Richmond, VA",Virginia State Parks,Bucket 7,Full-Time,https://www.conservationjobboard.com/job-listing-resource-management-administrative-assistant-richmond-virginia/6991734268
Administrative Manager,"Milwaukee, WI",University of Wisconsin - Milwaukee,Bucket 7,Full-Time,https://www.conservationjobboard.com/job-listing-administrative-manager-milwaukee-wisconsin/7806072247?from=feat-1
Partnership Coordinator/Project Manager/Recreation Management Specialist/Geospatial Systems Specialist Jobs,"Prescott, AZ",USDA Forest Service,Bucket 7,Full-Time,https://www.conservationjobboard.com/job-listing-partnership-coordinatorproject-managerrecreation-management-specialistgeospatial-systems-specialist-jobs-prescott-arizona/2148558673?from=feat-1
Executive Assistant,"Phoenix, AZ",The Nature Conservancy,Bucket 7,Full-Time,https://www.conservationjobboard.com/job-listing-executive-assistant-phoenix-arizona/8047624231
Executive Assistant - WA,"Seattle, WA",The Nature Conservancy,Bucket 7,Full-Time,https://www.conservationjobboard.com/job-listing-executive-assistant---wa-seattle-washington/4448700971
Office Manager,"Salt Lake City, UT",Utah Rivers Council,Bucket 7,Full-Time,https://www.conservationjobboard.com/job-listing-office-manager-salt-lake-city-utah/1276388564
Senior Environmental Project Manager,"Roseville, CA",Trihydro Corporation,Bucket 7,Full-Time,https://www.conservationjobboard.com/job-listing-senior-environmental-project-manager-roseville-california/2704071281
Executive Director,"Remote, Remote",Sustainable Agriculture and Food Systems Funders \(SAFSF\),Bucket 7,Full-Time,https://www.conservationjobboard.com/job-listing-executive-director-remote-remote/6916867178
Director of People & Operations,"Remote, MD",Environmental Leadership Program,Bucket 7,Full-Time,https://www.conservationjobboard.com/job-listing-director-of-people--operations-remote-maryland/9012782108
Administrative Assistant,"Wenatchee, WA",Chelan-Douglas Land Trust,Bucket 7,Full-Time,https://www.conservationjobboard.com/job-listing-administrative-assistant-wenatchee-washington/2503039441
Recruitment Coordinator,"Reno, NV",The Great Basin Institute,Bucket 7,Full-Time,https://www.conservationjobboard.com/job-listing-recruitment-coordinator-reno-nevada/2649927956
Executive Director,"Remote, Remote",Sustainable Agriculture and Food Systems Funders \(SAFSF\),Bucket 7,Full-Time,https://www.conservationjobboard.com/job-listing-executive-director-remote-remote/6916867178
Director of People & Operations,"Remote, MD",Environmental Leadership Program,Bucket 7,Full-Time,https://www.conservationjobboard.com/job-listing-director-of-people--operations-remote-maryland/9012782108
Administrative Assistant,"Wenatchee, WA",Chelan-Douglas Land Trust,Bucket 7,Full-Time,https://www.conservationjobboard.com/job-listing-administrative-assistant-wenatchee-washington/2503039441
Recruitment Coordinator,"Reno, NV",The Great Basin Institute,Bucket 7,Full-Time,https://www.conservationjobboard.com/job-listing-recruitment-coordinator-reno-nevada/2649927956
Sr. Mechanical Design Engineer,ReCarbon,"Fremont, CA",Bucket 6,Full-Time,https://climatebase.org/job/46613874/sr-mechanical-design-engineer?source=jobs_directory
Sr. Process Development Engineer,ReCarbon,"Fremont, CA",Bucket 6,Full-Time,https://climatebase.org/job/46613873/sr-process-development-engineer?source=jobs_directory
Clean Energy Engineering Intern,BlocPower,"Remote (New York, NY)",Bucket 6,Full-Time,https://climatebase.org/job/46593135/clean-energy-engineering--intern?source=jobs_directory
Director of National Specifications,CarbonCure Technologies,Remote (Canada),Bucket 6,Full-Time,https://climatebase.org/job/46593034/director-of-national-specifications?source=jobs_directory
Climate Change and Sustainability Specialist (Honolulu),ICF,"Honolulu, HI US",Bucket 1 ,Full-Time,https://www.indeed.com/viewjob?jk=bd959dd6793d03d9&qd=6aT68farU9m7icjO5IY02TcOJuvXS98tHg_gDTlx6X-ShDHlXsGVC9IdDfl8x_IOr17gaXw3_7Nd5PuyCvJEKae-lr99myVzt5xig7RdEPFRcN7opQqXGVHkPhOJX6PpNVbuGkvXR_7b87sG_geiaw&indpubnum=8133785542743173&atk=1h4gt89oa2gv9000
Climate Mitigation Program Associate,The Nature Conservancy,"Arlington, VA US",Bucket 6,Full-Time,https://www.indeed.com/viewjob?jk=0b5ea0926f05d7f8&qd=6aT68farU9m7icjO5IY02TcOJuvXS98tHg_gDTlx6X-ShDHlXsGVC9IdDfl8x_IOr17gaXw3_7Nd5PuyCvJEKae-lr99myVzt5xig7RdEPFRcN7opQqXGVHkPhOJX6PpNVbuGkvXR_7b87sG_geiaw&indpubnum=8133785542743173&atk=1h4gt89oa2gv9000
Climate Strategy Associate,Carbon Direct,"New York, NY US",Bucket 6,Full-Time,https://www.indeed.com/viewjob?jk=5239ab4ca7282bd1&qd=6aT68farU9m7icjO5IY02TcOJuvXS98tHg_gDTlx6X-ShDHlXsGVC9IdDfl8x_IOr17gaXw3_7Nd5PuyCvJEKae-lr99myVzt5xig7RdEPFRcN7opQqXGVHkPhOJX6PpNVbuGkvXR_7b87sG_geiaw&indpubnum=8133785542743173&atk=1h4gt89oa2gv9000
Virginia Grassland Bird Initiative Assistant,The Piedmont Environmental Council,"Charlottesville Virginia, United States",Bucket 1 ,Temporary,https://greenjobs.greenjobsearch.org/jobs/virginia-grassland-bird-initiative-assistant/
Offshore Coordinator,Global Gas and Oil Network (GGON),Anywhere,Bucket 6,Part-Time,https://greenjobs.greenjobsearch.org/jobs/offshore-coordinator/
Raptor Trauma Clinic Intern,Audubon,"Maitland, FL, United States",Bucket 4,Internship,https://www.climatechangecareers.com/job/audubon/maitland-fl-united-states/raptor-trauma-clinic-intern/
IN-23054 Corporate Due Diligence Intern,World Wide Fund for Nature,"Washington, DC, United States",Bucket 2,Internship,https://www.climatechangecareers.com/job/world-wide-fund-for-nature/washington-dc-united-states/in-23054-corporate-due-diligence-intern/
Clean Energy Infrastructure Deployment Intern,Clean Air Task Force,Remote,Bucket 6,Internship,https://www.climatechangecareers.com/job/clean-air-task-force/remote/clean-energy-infrastructure-deployment-intern/
Quality Inspector Intern - Offshore Wind,GE Renewable Energy,"Baltimore, MD, United States",Bucket 6,Internship,https://www.climatechangecareers.com/job/ge-renewable-energy/baltimore-md-united-states/quality-inspector-intern-offshore-wind/
Virginia Organizing Internships,Chesapeake Climate Action Network,"Richmond, VA, United States",Bucket 1 ,Internship,https://www.climatechangecareers.com/job/chesapeake-climate-action-network/richmond-va-united-states/virginia-organizing-internships/
Siemens Gamesa Renewable Energy Summer 2023 Internship,Siemens Gamesa,"Orlando, FL, United States",Bucket 6,Internship,https://www.climatechangecareers.com/job/siemens-gamesa/orlando-fl-united-states/siemens-gamesa-renewable-energy-summer-2023-internship/
Teen Hydrology Team Intern (part-time),Sierra Club,"Long Lake, IL, United States",Bucket 6,Internship,https://www.climatechangecareers.com/job/sierra-club/long-lake-il-united-states/teen-hydrology-team-intern-part-time/
"Technician Intern - Wilmont, MN",Vestas,"Adrian, MN, United States",Bucket 6,Internship,https://www.climatechangecareers.com/job/vestas/adrian-mn-united-states/technician-intern-wilmont-mn/
Land Management Intern,Audubon,"Jackson, SC, United States",Bucket 5,Internship,https://www.climatechangecareers.com/job/audubon/jackson-sc-united-states/land-management-intern/
Restoration Intern,Audubon,"Chicago, IL, United States",Bucket 7,Internship,https://www.climatechangecareers.com/job/audubon/chicago-il-united-states/restoration-intern/
Clean Energy Engineering Intern,BlocPower,"Remote (New York, NY)",Bucket 6,Internship,https://climatebase.org/job/46593135/clean-energy-engineering--intern?source=jobs_directory
Hydrometallurgical Engineering Co-op - Fall 2023,Form Energy,"Somerville, MA",Bucket 5,Internship,https://climatebase.org/job/46591879/hydrometallurgical-engineering-co-op---fall-2023?source=jobs_directory
Chemistry/Chemical Engineering Intern,Ebb Carbon,"San Carlos, CA, USA",Bucket 5,Internship,https://climatebase.org/job/46370779/chemistrychemical-engineering-intern?source=jobs_directory
Food Process Engineering Intern,Memphis Meats,"Emeryville, CA",Bucket 5,Internship,https://climatebase.org/job/46164301/food-process-engineering-intern?source=jobs_directory
Solar Interconnection Project Engineer Co-Op (Fall 2023),Nexamp,"Boston, MA",Bucket 6,Internship,https://climatebase.org/job/46317592/solar-interconnection-project-engineer-co-op-fall-2023?source=jobs_directory
Solar Interconnection Project Engineer Co-Op (Fall 2023),Nexamp,"Chicago, IL",Bucket 6,Internship,https://climatebase.org/job/46317591/solar-interconnection-project-engineer-co-op-fall-2023?source=jobs_directory
Greenhouse Group Lead,Root AI,"Richmond, KY",Bucket 6,Internship,https://climatebase.org/job/46005356/greenhouse-group-lead?source=jobs_directory
Regional Parks Work Experience Intern,County of Sonoma,"Santa Rosa, CA",Bucket 7,Paid Internships,https://www.conservationjobboard.com/job-listing-regional-parks-work-experience-intern-santa-rosa-california/6744602359?from=feat-1
Signing and Partnerships Fellow - National Trails Office - Remote,American Conservation Experience,"Sanford, NC",Bucket 7,Paid Internships,https://www.conservationjobboard.com/job-listing-signing-and-partnerships-fellow---national-trails-office---remote-sanford-north-carolina/3063592788
Forester - Nebraska - Intern,National Wild Turkey Federation,"Lincoln, NE",Bucket 7,Paid Internships,https://www.conservationjobboard.com/job-listing-forester---nebraska---intern-lincoln-nebraska/9790713455
Cities Forward Graduate Intern,ICLEI- Local Governments for Sustainability USA,"Denver, CO",Bucket 5,Paid Internships,https://www.conservationjobboard.com/job-listing-cities-forward-graduate-intern-denver-colorado/3731111321
USFS ORISE Conservation Fisheries Genomics Internship,U\.S\. Department of Agriculture \(USDA\),"Missoula, MT",Bucket 7,Paid Internships,https://www.conservationjobboard.com/job-listing-usfs-orise-conservation-fisheries-genomics-internship-missoula-montana/2454904779
USFS Forest Climate Hub Fellowship,U\.S\. Department of Agriculture \(USDA\),"Washington, DC",Bucket 7,Paid Internships,https://www.conservationjobboard.com/job-listing-usfs-forest-climate-hub-fellowship-washington-dc/7255427073
Chesapeake Gateways Ambassador at Harriet Tubman Underground Railroad National Historical Park,Appalachian Conservation Corps and Harriet Tubman Underground Railroad National Historical Park,"Church Creek, MD",Bucket 7,Paid Internships,https://www.conservationjobboard.com/job-listing-chesapeake-gateways-ambassador-at-harriet-tubman-underground-railroad-national-historical-park-church-creek-maryland/3612006765
Chesapeake Gateways Ambassador at the National Park Service,Appalachian Conservation Corps and Chesapeake Bay Gateways Network,"Annapolis, MD",Bucket 7,Paid Internships,https://www.conservationjobboard.com/job-listing-chesapeake-gateways-ambassador-at-the-national-park-service-annapolis-maryland/3942795807
Teen Leader Program and Outreach Assistant Coordinator - Vicksburg National Military Park,American Conservation Experience,"Vicksburg, MS",Bucket 7,Paid Internships,https://www.conservationjobboard.com/job-listing-teen-leader-program-and-outreach-assistant-coordinator---vicksburg-national-military-park-vicksburg-mississippi/2241332688
Hillis Intern,Oregon Natural Desert Association,"Bend, OR",Bucket 7,Paid Internships,https://www.conservationjobboard.com/job-listing-hillis-intern-bend-oregon/6031252261
"Project Director, Estuarine","California, Remote",The Nature Conservancy,Bucket 7,Full-Time,https://www.conservationjobboard.com/job-listing-project-director-estuarine-california-remote/4126713350?from=feat-1
PA Farm Bill Biologist - 2 Positions,"York or Greensburg, PA",Pheasants Forever,Bucket 5,Full-Time,https://www.conservationjobboard.com/job-listing-pa-farm-bill-biologist---2-positions-york-or-greensburg-pennsylvania/2310871188?from=feat-1
Stewardship and Community Engagement Specialist,"East Glacier Park, MT",Glacier-Two Medicine Alliance,Bucket 1 ,Full-Time,https://www.conservationjobboard.com/job-listing-executive-director-east-glacier-park-montana/7629286626?from=feat-1
Environmental Scientist,"Raleigh, NC",Wildlands Engineering,Bucket 1 ,Full-Time,https://www.conservationjobboard.com/job-listing-environmental-scientist-raleigh-north-carolina/2456915653
Freshwater Mussel Technician,"Portland, OR",Xerces Society Inc,Bucket 7,Full-Time,https://www.conservationjobboard.com/job-listing-freshwater-mussel-technician-portland-oregon/7594158010
Fisheries Biologist,"Arcata, CA",Stillwater Sciences,Bucket 7,Full-Time,https://www.conservationjobboard.com/job-listing-fisheries-biologist-arcata-california/4114277221
Land Stewardship Coordinator,"Santa Barbara, CA",The Land Trust for Santa Barbara County,Bucket 7,Full-Time,https://www.conservationjobboard.com/job-listing-land-stewardship-coordinator-santa-barbara-california/9112616577
Invasives Management Coordinator \(Ohio\),"Port Clinton, OH",Lake Erie Cooperative Weed Management Area,Bucket 7,Full-Time,https://www.conservationjobboard.com/job-listing-invasives-managment-coordinator-ohio-port-clinton-ohio/9716093683
Senior Project Engineer/Geologist,"San Luis Obispo, CA",Trihydro Corporation,Bucket 5,Full-Time,https://www.conservationjobboard.com/job-listing-senior-project-engineergeologist-san-luis-obispo-california/1941167173
Maryland State Entomologist,"Wye Mills, MD",Maryland Department of Natural Resources,Bucket 5,Full-Time,https://www.conservationjobboard.com/job-listing-maryland-state-entomologist-wye-mills-maryland/2020054194
USFS Fellowship in Assisted Migration and Silviculture for Reforestation,"Davis or Placerville, CA",US Forest Service / ORISE,Bucket 7,Full-Time,https://www.conservationjobboard.com/job-listing-usfs-fellowship-in-assisted-migration-and-silviculture-for-reforestation-davis-or-placerville-california/7446996248
Forester,"Spokane, WA","American Forest Management, Inc\.",Bucket 7,Full-Time,https://www.conservationjobboard.com/job-listing-forester-spokane-washington/4213823314
Wildlife Technician 3,"Savannah, GA",GA DNR - Wildlife Resources Division,Bucket 7,Full-Time,https://www.conservationjobboard.com/job-listing-wildlife-technician-3-savannah-georgia/1335945278
"Project Director, Ocean Recovery","USA, Remote",The Nature Conservancy,Bucket 7,Full-Time,https://www.conservationjobboard.com/job-listing-project-director-ocean-recovery-usa-remote/9984402412?from=feat-1
Conservation Manager,"Saukville, WI",Riveredge Nature Center,Bucket 7,Full-Time,https://www.conservationjobboard.com/job-listing-conservation-manager-saukville-wisconsin/8296679037
Environmental Program Manager – Environmental Services Department - \(2300981\),"San Jose, CA",City of San Jose - Environmental Services Department,Bucket 1 ,Full-Time,https://www.conservationjobboard.com/job-listing-environmental-program-manager--environmental-services-department-2300981-san-jose-california/9452838699
Tribal Nations Senior Manager,"Seattle, WA",Washington Conservation Action,Bucket 7,Full-Time,https://www.conservationjobboard.com/job-listing-tribal-nations-senior-manager-seattle-washington/6039903801
Private Lands Biologist,"N/A, Remote",Ducks Unlimited,Bucket 7,Full-Time,https://www.conservationjobboard.com/job-listing-private-lands-biologist-na-remote/3360539302
MO Farm Bill Wildlife Biologist I or II - Two positions,"Kahoka & Moberly, MO",Pheasants Forever and Quail Forever,Bucket 7,Full-Time,https://www.conservationjobboard.com/job-listing-mo-farm-bill-wildlife-biologist-i-or-ii---two-positions-kahoka--moberly-missouri/5783484854
Project Manager- River and Watershed,"Santa Fe, NM",City of Santa Fe,Bucket 1 ,Full-Time,https://www.conservationjobboard.com/job-listing-project-manager--river-and-watershed-santa-fe-new-mexico/5622129391
Wetland Scientist,"Portland, OR","Mason, Bruce & Girard, Inc",Bucket 7,Full-Time,https://www.conservationjobboard.com/job-listing-wetland-scientist-portland-oregon/2175985838?from=feat-1
Land Stewardship Coordinator,"Santa Barbara, CA",The Land Trust for Santa Barbara County,Bucket 7,Full-Time,https://www.conservationjobboard.com/job-listing-land-stewardship-coordinator-santa-barbara-california/9112616577?from=feat-1
Quality Management Analyst,"USA, Remote",The Nature Conservancy,Bucket 7,Full-Time,https://www.conservationjobboard.com/job-listing-quality-management-analyst-usa-remote/2397244123?from=feat-1
Private Lands Biologist,"N/A, Remote",Ducks Unlimited,Bucket 7,Full-Time,https://www.conservationjobboard.com/job-listing-private-lands-biologist-na-remote/3360539302?from=feat-1
Director of Donor Strategy and Engagement,"Sausalito, CA",Revive & Restore,Bucket 1 ,Full-Time,https://www.conservationjobboard.com/job-listing-director-of-donor-strategy-and-engagement-sausalito-california/9452452712?from=feat-1
Principal Investigator – Mangrove Finch Conservation\.,"Ecuador, Latin America",Charles Darwin Foundation,Bucket 7,Full-Time,https://www.conservationjobboard.com/job-listing-principal-investigator--mangrove-finch-conservation-ecuador-latin-america/2234476821
Ecologist,"Wellfleet, MA",National Park Service,Bucket 7,Full-Time,https://www.conservationjobboard.com/job-listing-ecologist-wellfleet-massachusetts/7152935627
Citizens Advisory Committee Project Associate,"Richmond, VA",Alliance for the Chesapeake Bay,Bucket 1 ,Full-Time,https://www.conservationjobboard.com/job-listing-citizens-advisory-committee-project-associate-richmond-virginia/6027359010
Wildlife Rehabilitation Manager,"Corvallis, OR",Chintimini Wildlife Center,Bucket 7,Full-Time,https://www.conservationjobboard.com/job-listing-wildlife-rehabilitation-manager-corvallis-oregon/8912472610
Landscape Architect,"San Francisco Bay Area, CA",WRA Inc,Bucket 5,Full-Time,https://www.conservationjobboard.com/job-listing-landscape-architect-san-francisco-bay-area-california/1742455612
Green Infrastructure Technician,"Austin, TX",Environmental Survey Consulting,Bucket 5,Full-Time,https://www.conservationjobboard.com/job-listing-green-infrastructure-technician-austin-texas/8845761114
IT Contracts Manager,"Arlington, VA",The Nature Conservancy,Bucket 7,Full-Time,https://www.conservationjobboard.com/job-listing-it-contracts-manager-arlington-virginia/8382276707
MO Farm Bill Wildlife Biologist I or II - Two positions,"Kahoka & Moberly, MO",Pheasants Forever and Quail Forever,Bucket 7,Full-Time,https://www.conservationjobboard.com/job-listing-mo-farm-bill-wildlife-biologist-i-or-ii---two-positions-kahoka--moberly-missouri/5783484854?from=feat-1
Quality Management Analyst,"USA, Remote",The Nature Conservancy,Bucket 7,Full-Time,https://www.conservationjobboard.com/job-listing-quality-management-analyst-usa-remote/2397244123?from=feat-1
Principal Investigator – Mangrove Finch Conservation\.,"Ecuador, Latin America",Charles Darwin Foundation,Bucket 7,Full-Time,https://www.conservationjobboard.com/job-listing-principal-investigator--mangrove-finch-conservation-ecuador-latin-america/2234476821
Wildlife Rehabilitation Manager,"Corvallis, OR",Chintimini Wildlife Center,Bucket 7,Full-Time,https://www.conservationjobboard.com/job-listing-wildlife-rehabilitation-manager-corvallis-oregon/8912472610
Landscape Architect,"San Francisco Bay Area, CA",WRA Inc,Bucket 5,Full-Time,https://www.conservationjobboard.com/job-listing-landscape-architect-san-francisco-bay-area-california/1742455612
IT Contracts Manager,"Arlington, VA",The Nature Conservancy,Bucket 2,Full-Time,https://www.conservationjobboard.com/job-listing-it-contracts-manager-arlington-virginia/8382276707
MO Farm Bill Wildlife Biologist I or II - Two positions,"Kahoka & Moberly, MO",Pheasants Forever and Quail Forever,Bucket 7,Full-Time,https://www.conservationjobboard.com/job-listing-mo-farm-bill-wildlife-biologist-i-or-ii---two-positions-kahoka--moberly-missouri/5783484854?from=feat-1
UI / UX Designer,Twelve,Remote (US),Bucket 2,Full-Time,https://climatebase.org/job/46239602/ui--ux-designer?source=jobs_directory
Prospect Research & Development Manager,The Climate Reality Project,"Washington, D.C., USA",Bucket 1 ,Full-Time,https://climatebase.org/job/46181970/prospect-research--development-manager?source=jobs_directory
"Assistant Program Manager, Spatial Analyst and Decision Support Specialist","Fort Collins, CO",Colorado State University,Bucket 1 ,Full-Time,https://www.conservationjobboard.com/job-listing-assistant-program-manager-spatial-analyst-and-decision-support-specialist-fort-collins-colorado/9208205649
Sustainability Analyst,ClimatePartner,London,Bucket 1 ,Full-Time,https://climatebase.org/job/46605189/sustainability-analyst?source=jobs_directory
Analytics Engineer,Form Energy,United States,Bucket 6,Full-Time,https://climatebase.org/job/46598269/analytics-engineer?source=jobs_directory
Senior Carbon Market Specialist (80-100%),Climeworks,"Zurich, Z√ºrich, Switzerland",Bucket 6,Full-Time,https://climatebase.org/job/46595904/senior-carbon-market-specialist-80-100?source=jobs_directory
Global Solutions Engineer,Regrow Ag,Remote,Bucket 8,,https://climatebase.org/job/46595626/global-solutions-engineer?source=jobs_directory
Entry Level Air Quality and Climate Change Research Analyst,"Eastern Research Group, Inc.","Research Triangle Park, NC US",Bucket 1 ,Full-Time,https://www.indeed.com/viewjob?jk=1c236291885bc0a8&qd=6aT68farU9m7icjO5IY02TcOJuvXS98tHg_gDTlx6X-ShDHlXsGVC9IdDfl8x_IOr17gaXw3_7Nd5PuyCvJEKae-lr99myVzt5xig7RdEPFRcN7opQqXGVHkPhOJX6PpNVbuGkvXR_7b87sG_geiaw&indpubnum=8133785542743173&atk=1h4gt89oa2gv9000
"Manager II (Climate Change Management Officer), Grade M2",Montgomery County Government,"Rockville, MD US",Bucket 3,Full-Time,https://www.indeed.com/viewjob?jk=a5e9bc745d5a2b28&qd=6aT68farU9m7icjO5IY02TcOJuvXS98tHg_gDTlx6X-ShDHlXsGVC9IdDfl8x_IOr17gaXw3_7Nd5PuyCvJEKae-lr99myVzt5xig7RdEPFRcN7opQqXGVHkPhOJX6PpNVbuGkvXR_7b87sG_geiaw&indpubnum=8133785542743173&atk=1h4gt89oa2gv9000
River Stewards of Tomorrow 2023 Internships,Housatonic Valley Association (HVA),"Cornwall Connecticut, United States",Bucket 7,Internship,https://greenjobs.greenjobsearch.org/jobs/river-stewards-of-tomorrow-2023-internship/
Wings Peer Leader Interns,Audubon,"Gibbon, NE, United States",Bucket 7,Internship,https://www.climatechangecareers.com/job/audubon/gibbon-ne-united-states/wings-peer-leader-interns/
Aftermarket Sales Intern,Siemens Gamesa,"Orlando, FL, United States",Bucket 2,Internship,https://www.climatechangecareers.com/job/siemens-gamesa/orlando-fl-united-states/aftermarket-sales-intern/
Ohio Inspiring Connections Outdoors Intern,Sierra Club,"Cincinnati, OH, United States",Bucket 7,Internship,https://www.climatechangecareers.com/job/audubon/st-louis-mo-united-states/alternative-spring-break-intern/
Alternative Spring Break Intern,Audubon,"St. Louis, MO, United States",Bucket 3,Internship,https://www.climatechangecareers.com/job/audubon/st-louis-mo-united-states/alternative-spring-break-intern/
"Intern, Asset Management (Paid)","Native, A Public Benefit Corporation","Burlington, VT, United States",Bucket 2,Internship,https://climatebase.org/job/46524348/intern-asset-management-paid?source=jobs_directory
Solutions Engineering Summer Intern,nZero,"Reno, NV",Bucket 5,Internship,https://climatebase.org/job/46553874/solutions-engineering-summer-intern?source=jobs_directory
Marketing Intern,LevelTen Energy,"Seattle, WA",Bucket 2,Internship,https://climatebase.org/job/46517924/marketing-intern?source=jobs_directory
Cost Estimator Co-Op (Fall 2023),Nexamp,"Chicago, IL",Bucket 2,Internship,https://climatebase.org/job/46342690/cost-estimator-co-op-fall-2023?source=jobs_directory
"IPM Scout - Somerset, KY",Root AI,"Somerset, KY",Bucket 7,Internship,https://climatebase.org/job/45931355/ipm-scout---somerset-ky-?source=jobs_directory
Materials Characterization Intern,QuantumScape,"HQ- San Jose, CA",Bucket 5,Internship,https://climatebase.org/job/46492095/materials-characterization-intern?source=jobs_directory
Future Internships,QuantumScape,"HQ- San Jose, CA",Bucket 6,Internship,https://climatebase.org/job/42200528/future-internships?source=jobs_directory
Future Internships,QuantumScape,"HQ- San Jose, CA",Bucket 6,Internship,https://climatebase.org/job/42200527/future-internships?source=jobs_directory
Development Director,"Anchorage, AK",The Alaska Center,Bucket 1 ,Full-Time,https://www.conservationjobboard.com/job-listing-development-director-anchorage-alaska/1233010074
Arborist,"Boise, ID",City of Boise,Bucket 7,Full-Time,https://www.conservationjobboard.com/job-listing-arborist-boise-idaho/2416827639?from=feat-1
Private Lands Biologist,"N/A, Remote",Ducks Unlimited,Bucket 5,Full-Time,https://www.conservationjobboard.com/job-listing-private-lands-biologist-na-remote/3360539302?from=feat-1
Director of Donor Strategy and Engagement,"Sausalito, CA",Revive & Restore,Bucket 1 ,Full-Time,https://www.conservationjobboard.com/job-listing-director-of-donor-strategy-and-engagement-sausalito-california/9452452712?from=feat-1
Ecologist,"Wellfleet, MA",National Park Service,Bucket 5,Full-Time,https://www.conservationjobboard.com/job-listing-ecologist-wellfleet-massachusetts/7152935627
Green Infrastructure Technician,"Austin, TX",Environmental Survey Consulting,Bucket 5,Full-Time,https://www.conservationjobboard.com/job-listing-green-infrastructure-technician-austin-texas/8845761114
Arborist,"Boise, ID",City of Boise,Bucket 7,Full-Time,https://www.conservationjobboard.com/job-listing-arborist-boise-idaho/2416827639?from=feat-1
Senior Mechanical Design Engineer,"Rondo Energy, Inc","Alameda, CA",Bucket 2,Full-Time,https://climatebase.org/job/46230568/senior-mechanical-design-engineer?source=jobs_directory
Mechanical Design Integration Engineer,"Rondo Energy, Inc","Alameda, CA",Bucket 2,Full-Time,https://climatebase.org/job/46230563/mechanical-design-integration-engineer?source=jobs_directory
Electrical Engineer,AIM,"Monroe, WA, USA",Bucket 5,Full-Time,https://climatebase.org/job/46611871/electrical-engineer?source=jobs_directory
Senior Robotics Engineer/Senior Roboticist,AIM,Remote,Bucket 2,Full-Time,https://climatebase.org/job/46608696/senior-robotics-engineersenior-roboticist?source=jobs_directory
Senior Data Engineer,Freshflow GmbH,Remote (Europe),Bucket 2,Full-Time,https://climatebase.org/job/46611870/senior-data-engineer?source=jobs_directory
"Director, Application Engineering",Scale Microgrid Solutions,"Remote (Los Angeles, CA)",Bucket 2,Full-Time,https://climatebase.org/job/46609009/director-application-engineering?source=jobs_directory
Data Engineer,"Native, A Public Benefit Corporation","Burlington, VT, United States",Bucket 2,Full-Time,https://climatebase.org/job/46349281/data-engineer?source=jobs_directory
Backend infrastructure engineer,Onsemble,"San Francisco, CA",Bucket 2,Full-Time,https://climatebase.org/job/46608697/backend-infrastructure-engineer?source=jobs_directory
Data Engineer,"Native, A Public Benefit Corporation","Remote (Burlington, VT, USA)",Bucket 2,Full-Time,https://climatebase.org/job/46608694/data-engineer?source=jobs_directory
Data Analyst / Data Steward (80-100%),Climeworks,"Zurich, Z√ºrich, Switzerland",Bucket 2,Full-Time,https://climatebase.org/job/46605560/data-analyst--data-steward-80-100?source=jobs_directory
Senior Software Engineer,Pivot Bio,Remote (United States),Bucket 2,Full-Time,https://climatebase.org/job/46598081/senior-software-engineer?source=jobs_directory
Backend Software Engineer,Ascend Analytics,"Boulder, CO",Bucket 2,Full-Time,https://climatebase.org/job/46597796/backend-software-engineer?source=jobs_directory
Senior Software Engineer,Zero Homes,"Denver, CO, USA",Bucket 2,Full-Time,https://climatebase.org/job/46377843/senior-software-engineer?source=jobs_directory
Product Data Analyst,Regrow Ag,Remote,Bucket 2,Full-Time,https://climatebase.org/job/46595627/product-data-analyst?source=jobs_directory
QA/Tester(Automation),The Landbanking Group,Remote,Bucket 2,Full-Time,https://climatebase.org/job/46595257/qatesterautomation?source=jobs_directory
Security Engineer - Remote,Waterplan,Remote (Argentina),Bucket 2,Full-Time,https://climatebase.org/job/46594586/security-engineer---remote-?source=jobs_directory
Senior Software Engineer (Backend),Regrow Ag,Remote,Bucket 2,Full-Time,https://climatebase.org/job/46124745/senior-software-engineer-backend?source=jobs_directory
Industrial Engineering Co-op - Fall 2023,Form Energy,"Somerville, MA",Bucket 2,Internship,https://climatebase.org/job/46617413/industrial-engineering-co-op---fall-2023?source=jobs_directory
Software Engineering Co-op - Fall 2023,Form Energy,"Somerville, MA",Bucket 2,Internship,https://climatebase.org/job/46614352/software-engineering-co-op---fall-2023?source=jobs_directory
Electrical Engineering Co-op - Fall 2023,Form Energy,"Somerville, MA",Bucket 5,Internship,https://climatebase.org/job/46591871/electrical-engineering-co-op---fall-2023?source=jobs_directory
Engineering Intern,Ebb Carbon,"San Carlos, CA, USA",Bucket 2,Internship,https://climatebase.org/job/46370780/engineering-intern?source=jobs_directory
Application Engineering Intern/Co-op - Fall 2023,Form Energy,"Somerville, Ma, Berkeley, Ca",Bucket 2,Internship,https://climatebase.org/job/46588629/application-engineering-internco-op---fall-2023?source=jobs_directory
Mechanical Engineering Co-op - Fall 2023,Form Energy,"Somerville, Ma, Berkeley, Ca",Bucket 5,Internship,https://climatebase.org/job/46562908/mechanical-engineering-co-op---fall-2023?source=jobs_directory
Materials Engineering Co-op - Fall 2023,Form Energy,"Somerville, MA",Bucket 5,Internship,https://climatebase.org/job/46562906/materials-engineering-co-op---fall-2023?source=jobs_directory
Data Science Intern,SB Energy DevCo (US) Inc.,"San Francisco Bay Area, CA",Bucket 2,Internship,https://climatebase.org/job/46499394/data-science-intern?source=jobs_directory
"R&D Manufacturing Engineer II, Subscale Build",Form Energy,"Somerville, MA",Bucket 5,Full-Time,https://climatebase.org/job/46614301/rd-manufacturing-engineer-ii-subscale-build?source=jobs_directory
"R&D Equipment Technician, Anode",Form Energy,"Somerville, MA",Bucket 5,Full-Time,https://climatebase.org/job/46614300/rd-equipment-technician-anode?source=jobs_directory
"R&D Cell Build Technician, Subscale",Form Energy,"Somerville, MA",Bucket 5,Full-Time,https://climatebase.org/job/46614299/rd-cell-build-technician-subscale?source=jobs_directory
"Director / Senior Manager, GSM Direct Materials",Form Energy,"Berkeley, Ca, Pittsburgh...",Bucket 6,Full-Time,https://climatebase.org/job/46614257/director--senior-manager-gsm-direct-materials?source=jobs_directory
Associate Manager of Facilities and Maintenance,Form Energy,"Pittsburgh, PA",Bucket 6,Full-Time,https://climatebase.org/job/46614252/associate-manager-of-facilities-and-maintenance?source=jobs_directory
Plant Operator II,Twelve,"Moses Lake, Washington",Bucket 6,Full-Time,https://climatebase.org/job/46612281/plant-operator-ii?source=jobs_directory
Commissioning Manager,Twelve,"Moses Lake, Washington",Bucket 1 ,Full-Time,https://climatebase.org/job/46612276/commissioning-manager?source=jobs_directory
Principle Product Manager - Billing (12 months FTC),Kaluza,"London, England, United Kingdom",Bucket 2,Full-Time,https://climatebase.org/job/46612011/principle-product-manager---billing-12-months-ftc?source=jobs_directory
Applications Engineer (Mechanical or Chemical Engineering),"Rondo Energy, Inc",Remote,Bucket 2,Full-Time,https://climatebase.org/job/46522328/applications-engineer-mechanical-or-chemical-engineering?source=jobs_directory
Manufacturing Technician,"Rondo Energy, Inc","Alameda, CA",Bucket 6,Full-Time,https://climatebase.org/job/46611876/manufacturing-technician?source=jobs_directory
"VP, Product Design Engineering","Rondo Energy, Inc","Alameda, CA",Bucket 6,Full-Time,https://climatebase.org/job/46423274/vp-product-design-engineering?source=jobs_directory
Director of Quality,"Rondo Energy, Inc","Alameda, CA",Bucket 6,Full-Time,https://climatebase.org/job/46423268/director-of-quality?source=jobs_directory
"Senior Sales Manager, Europe","Rondo Energy, Inc",Europe,Bucket 6,Full-Time,https://climatebase.org/job/46395582/senior-sales-manager-europe?source=jobs_directory
"Manager, Mechanical Design Engineering","Rondo Energy, Inc","Alameda, CA",Bucket 6,Full-Time,https://climatebase.org/job/46392076/manager-mechanical-design-engineering-?source=jobs_directory
"Senior Manufacturing Engineer, Construction Projects","Rondo Energy, Inc","Alameda, CA",Bucket 7,Full-Time,https://climatebase.org/job/46281660/senior-manufacturing-engineer-construction-projects?source=jobs_directory
"Applications Engineer (Mechanical or Chemical Engineering), Europe","Rondo Energy, Inc",Europe,Bucket 5,Full-Time,https://climatebase.org/job/46258606/applications-engineer-mechanical-or-chemical-engineering-europe?source=jobs_directory
Accounting Assistant - Remote Optional,Center for EcoTechnology,"Remote (Northampton, Massachusetts)",Bucket 2,Full-Time,https://climatebase.org/job/46608993/accounting-assistant---remote-optional?source=jobs_directory
Treasury Analyst,NineDot Energy,New York - Hybrid,Bucket 2,Full-Time,https://climatebase.org/job/46609146/treasury-analyst-?source=jobs_directory
FP&A Analyst,NineDot Energy,New York - Hybrid,Bucket 2,Full-Time,https://climatebase.org/job/46609142/fpa-analyst?source=jobs_directory
MEA Fabrication Technician,Twelve,"Berkeley, California",Bucket 6,Full-Time,https://climatebase.org/job/46609089/mea-fabrication-technician?source=jobs_directory
Full Stack Engineer,Onsemble,"San Francisco, CA",Bucket 2,Full-Time,https://climatebase.org/job/46608698/full-stack-engineer?source=jobs_directory
Mobility Senior Engineering Project Manager,NextEra Mobility,"Juno Beach, FL, USA",Bucket 2,Full-Time,https://climatebase.org/job/46608675/mobility-senior-engineering-project-manager-?source=jobs_directory
Sr. Systems Engineer,DEP,"Remote (Charlotte, NC, US)",Bucket 6,Full-Time,https://climatebase.org/job/46607364/sr-systems-engineer?source=jobs_directory
Systems Engineer,DEP,"Remote (Charlotte, NC, US)",Bucket 6,Full-Time,https://climatebase.org/job/46607363/systems-engineer-?source=jobs_directory
Deployment Manager,Electric Hydrogen,"San Carlos, California, United States",Bucket 6,Full-Time,https://climatebase.org/job/46605811/deployment-manager-?source=jobs_directory
Control Systems Technician,Electric Hydrogen,"Devens, MA",Bucket 6,Full-Time,https://climatebase.org/job/46605810/control-systems-technician?source=jobs_directory
Senior Software Engineer (Remote),NextEra Mobility,Remote (United States),Bucket 6,Full-Time,https://climatebase.org/job/46363654/senior-software-engineer-remote?source=jobs_directory
Principal Software Engineer (Remote),NextEra Mobility,Remote (United States),Bucket 6,Full-Time,https://climatebase.org/job/46124724/principal-software-engineer-remote?source=jobs_directory
Product Manager,WattCarbon,Remote,Bucket 2,Full-Time,https://climatebase.org/job/46605469/product-manager?source=jobs_directory
Senior Software Engineer | Platform,Zitara,"San Francisco, CA, USA",Bucket 6,Full-Time,https://climatebase.org/job/46605468/senior-software-engineer--platform?source=jobs_directory
Senior Counsel / Assistant General Counsel,OhmConnect,Remote (United States),Bucket 6,Full-Time,https://climatebase.org/job/46604040/senior-counsel--assistant-general-counsel?source=jobs_directory
Marketing Specialist,Gradient,Remote,Bucket 2,Full-Time,https://climatebase.org/job/46597855/marketing-specialist?source=jobs_directory
Senior Software Engineer,EnergyHub,"Remote (Ny, Vt)",Bucket 6,Full-Time,https://climatebase.org/job/46596254/senior-software-engineer?source=jobs_directory
Market Operations Intern,Voltus,Remote,Bucket 2,Full-Time,https://climatebase.org/job/42035626/market-operations-intern?source=jobs_directory
Senior Electrical Engineer,Crusoe,"Denver, CO",Bucket 6,Full-Time,https://climatebase.org/job/46598811/senior-electrical-engineer?source=jobs_directory
Hardware Product Manager,Impulse Labs,San Francisco,Bucket 6,Full-Time,https://climatebase.org/job/46598424/hardware-product-manager?source=jobs_directory
"Staff Software Engineer, R&D Applications",Form Energy,"Berkeley, CA",Bucket 6,Full-Time,https://climatebase.org/job/46598389/staff-software-engineer-rd-applications?source=jobs_directory
"Senior Software Engineer, R&D Applications",Form Energy,"Berkeley, CA",Bucket 6,Full-Time,https://climatebase.org/job/46598363/senior-software-engineer-rd-applications?source=jobs_directory
"Associate Manager, Process Operations",Form Energy,"Somerville, MA",Bucket 6,Full-Time,https://climatebase.org/job/46598272/associate-manager-process-operations?source=jobs_directory
Battery Management System Controls Engineer,Zitara,"San Francisco, CA, USA",Bucket 6,Full-Time,https://climatebase.org/job/45871208/battery-management-system-controls-engineer?source=jobs_directory
Sales Development Representative,Raise Green,"Remote (New Haven, CT, USA)",Bucket 2,Full-Time,https://climatebase.org/job/46595809/sales-development-representative?source=jobs_directory
Energy Consultant - Commercial Focus Field Based,Center for EcoTechnology,"Remote (Framingham, Massachusetts)",Bucket 6,Full-Time,https://climatebase.org/job/46592898/energy-consultant---commercial-focus-field-based?source=jobs_directory
Energy Intern,"Climable, Inc.","485 Massachusetts Avenue, Cambridge, MA...",Bucket 6,Internship,https://climatebase.org/job/46630723/energy-intern?source=jobs_directory
Intern - Co-op - Fall 2023,Commonwealth Fusion Systems (CFS),"Devens, MA",Bucket 6,Internship,https://climatebase.org/job/46587914/intern---co-op---fall-2023?source=jobs_directory
Energy Specialist Fellowship,SEI: Building Leaders for a Resilient World,"Sumner, WA, USA",Bucket 6,Paid Fellowship,https://climatebase.org/job/46615048/energy-specialist-fellowship?source=jobs_directory
Hindi Translator (Volunteer),Earth Hero,Remote,Bucket 1 ,Full-Time,https://climatebase.org/job/46394974/hindi-translator-volunteer?source=jobs_directory
Chinese (Mandarin) Translator (Volunteer),Earth Hero,Remote,Bucket 1 ,Full-Time,https://climatebase.org/job/46394973/chinese-mandarin-translator-volunteer?source=jobs_directory
Italian Translator (Volunteer),Earth Hero,Remote,Bucket 1,Full-Time,https://climatebase.org/job/46394976/italian-translator-volunteer?source=jobs_directory
Russian Translator (Volunteer),Earth Hero,Remote,Bucket 1,Full-Time,https://climatebase.org/job/46394978/russian-translator-volunteer?source=jobs_directory
Indonesian Translator (Volunteer),Earth Hero,Remote,Bucket 1,Full-Time,https://climatebase.org/job/46394980/indonesian-translator-volunteer?source=jobs_directory
German Translator (Volunteer),Earth Hero,Remote,Bucket 1,Full-Time,https://climatebase.org/job/45846391/german-translator-volunteer?source=jobs_directory
Service-Learning & Outreach Coordinator,Native Plant Salvage Foundation,"Olympia Washington, United States",Bucket 1,Temporary,https://greenjobs.greenjobsearch.org/jobs/service-learning-outreach-coordinator/
Conservation Education Specialist,King Conservation District,"Renton Washington, United States",Bucket 8,Internship,https://greenjobs.greenjobsearch.org/jobs/conservation-education-specialist/
Conservation Program Assistant,Clean River Partners,"Northfield Minnesota, United States",Bucket 7,Part-Time,https://greenjobs.greenjobsearch.org/jobs/conservation-program-assistant/
Digital Content Contractor,VirtualRunning.org,Anywhere,Bucket 1,Temporary,https://greenjobs.greenjobsearch.org/jobs/digital-content-contractor/
Painter,Crusoe,"Arvada, CO",Bucket 6,Internship,https://climatebase.org/job/46563430/painter?source=jobs_directory
Social Media Intern,Culdesac,"Tempe, AZ",Bucket 1,Internship,https://climatebase.org/job/46573175/social-media-intern?source=jobs_directory
Data Intern,Smarter Sorting,Boulder CO,Bucket 2,Internship,https://climatebase.org/job/46546844/data-intern?source=jobs_directory
FIB/SEM Intern,QuantumScape,"HQ- San Jose, CA",Bucket 6,Internship,https://climatebase.org/job/46543159/fibsem-intern?source=jobs_directory
Marketing Content Intern,EnergySage,"Boston, MA, US",Bucket 1,Internship,https://climatebase.org/job/46491539/marketing-content-intern?source=jobs_directory
School Garden Educator,SEI: Building Leaders for a Resilient World,"San Francisco Bay Area, CA, USA",Bucket 8,Paid Fellowship,https://climatebase.org/job/46521992/school-garden-educator?source=jobs_directory
Garden Educator with Climate Corps Education Outside,SEI: Building Leaders for a Resilient World,"San Francisco Bay Area, CA, USA",Bucket 8,Paid Fellowship,https://climatebase.org/job/46473429/garden-educator-with-climate-corps-education-outside?source=jobs_directory
Fall Conservation Communications and Events Intern - Paid and Remote,Highstead,"Redding, CT",Bucket 1,Paid Internships,https://www.conservationjobboard.com/job-listing-communications-and-events-intern-trumbull-connecticut/4544890724?from=feat-1
Intern Instructor at Casper Mountain Science Program,Natrona County School District - Casper Mountain Science Program,"Casper, WY",Bucket 8,Paid Internships,https://www.conservationjobboard.com/job-listing-intern-instructor-at-casper-mountain-science-program-casper-wyoming/1249758228
Adventure Education Facilitator,Covenant Harbor Bible Camp,"Lake Genenva, WI",Bucket 8,Paid Internships,https://www.conservationjobboard.com/job-listing-chesapeake-gateways-ambassador-at-harriet-tubman-underground-railroad-national-historical-park-church-creek-maryland/3612006765
USDA-ARS Entomology Museum Internship,U\.S\. Department of Agriculture \(USDA\),"Washington, DC",Bucket 8,Paid Internships,https://www.conservationjobboard.com/job-listing-usda-ars-entomology-museum-internship-washington-dc/2188243821
Environmental Services Intern: Flat-Tailed Horned Lizard Surveys,CA State Parks,"Borrego Springs, CA",Bucket 8,Paid Internships,https://www.conservationjobboard.com/job-listing-environmental-services-intern-flat-tailed-horned-lizard-surveys-borrego-springs-california/3159124325
Interpretive Visitor Services Member,American Conservation Experience,"Walla Walla, WA",Bucket 5,Paid Internships,https://www.conservationjobboard.com/job-listing-interpretive-visitor-services-member-walla-walla-washington/1895939848
Environmental Educator,"Colorado Springs, CO",Catamount Institute,Bucket 8,Full-Time,https://www.conservationjobboard.com/job-listing-environmental-educator-colorado-springs-colorado/3297934716?from=feat-1
Resident Lecturer in Environmental Sustainability and Socioeconomic Values,"Yungaburra, Queensland, Australia, Australia",The School for Field Studies,Bucket 8,Full-Time,https://www.conservationjobboard.com/job-listing-resident-lecturer-in-environmental-sustainability-and-socioeconomic-values-yungaburra-queensland-australia-australia/1167049360
FieldSTEM Coordinator - Central Washington Region,"hybrid, WA",Pacific Education Institute,Bucket 8,Full-Time,https://www.conservationjobboard.com/job-listing-fieldstem-coordinator---central-washington-region-hybrid-washington/6935615481
FieldSTEM Coordinator - East Sound North Region,"hybrid, WA",Pacific Education Institute,Bucket 8,Full-Time,https://www.conservationjobboard.com/job-listing-fieldstem-coordinator---east-sound-north-region-hybrid-washington/2765082632
Environmental Educator,"Colorado Springs, CO",Catamount Institute,Bucket 8,Full-Time,https://www.conservationjobboard.com/job-listing-environmental-educator-colorado-springs-colorado/3297934716
Environmental Educator,"Colorado Springs, CO",Catamount Institute,Bucket 8,Full-Time,https://www.conservationjobboard.com/job-listing-environmental-educator-colorado-springs-colorado/3297934716
Patent Attorney,"Rondo Energy, Inc","Alameda, CA",Bucket 1,Full-Time,https://climatebase.org/job/46437111/patent-attorney?source=jobs_directory
"Director, HSE and Process Development",SB Energy DevCo (US) Inc.,Remote (San Francisco Bay Area),Bucket 6,Full-Time,https://climatebase.org/job/46608686/director-hse-and-process-development?source=jobs_directory
Empfangs- & Servicemitarbeiter (m/f/d),ClimatePartner,Munich,Bucket 3,Full-Time,https://climatebase.org/job/46608392/empfangs---servicemitarbeiter-mfd?source=jobs_directory
Associate,RMI,Remote (Vietnam),Bucket 1,Full-Time,https://climatebase.org/job/46597341/associate?source=jobs_directory
Associate ‚Äì Southeast Asia Program,RMI,Remote (International),Bucket 1,Full-Time,https://climatebase.org/job/46597340/associate--southeast-asia-program?source=jobs_directory
VP of Supply Chain,Antora Energy,"Sunnyvale, CA",Bucket 2,Full-Time,https://climatebase.org/job/46598605/vp-of-supply-chain?source=jobs_directory
Reducing Greenhouse Emissions Through Community Engagement,FUSE Executive Fellowship,"Reno Nevada, United States",Bucket 1,Full-Time,https://greenjobs.greenjobsearch.org/jobs/reducing-greenhouse-emissions-through-community-engagement/
Workforce Development for Climate Action,FUSE Executive Fellowship,"Salt Lake City Utah, United States",Bucket 8,Full-Time,https://greenjobs.greenjobsearch.org/jobs/workforce-development-for-climate-action/
Funding Infrastructure for a Sustainable Future,FUSE Executive Fellowship,"Los Angeles California, United States",Bucket 1,Full-Time,https://greenjobs.greenjobsearch.org/jobs/funding-infrastructure-for-a-sustainable-future/
Prioritizing Green Investments for Population Growth,FUSE Executive Fellowship,"Jacksonville Florida, United States",Bucket 8,Full-Time,https://greenjobs.greenjobsearch.org/jobs/prioritizing-green-investments-for-population-growth/
Climate Resilient Infrastructure Design,FUSE Executive Fellowship,"Jacksonville Florida, United States",Bucket 5,Full-Time,https://greenjobs.greenjobsearch.org/jobs/climate-resilient-infrastructure-design/
Climate Change Verification Specialist (Environmental Specialist 3) (In-Training),State of Washington Dept. of Ecology,"Lacey, WA US",Bucket 1,Full-Time,https://www.indeed.com/viewjob?jk=03489fc2667df492&qd=6aT68farU9m7icjO5IY02TcOJuvXS98tHg_gDTlx6X-ShDHlXsGVC9IdDfl8x_IOr17gaXw3_7Nd5PuyCvJEKae-lr99myVzt5xig7RdEPFRcN7opQqXGVHkPhOJX6PpNVbuGkvXR_7b87sG_geiaw&indpubnum=8133785542743173&atk=1h4gt89oa2gv9000
"Consulting Associate, Climate Change (Entry Level)",ERM Group,"Boston, MA US",Bucket 1,Full-Time,https://www.indeed.com/viewjob?jk=98dbe61697218eeb&qd=6aT68farU9m7icjO5IY02TcOJuvXS98tHg_gDTlx6X-ShDHlXsGVC9IdDfl8x_IOr17gaXw3_7Nd5PuyCvJEKae-lr99myVzt5xig7RdEPFRcN7opQqXGVHkPhOJX6PpNVbuGkvXR_7b87sG_geiaw&indpubnum=8133785542743173&atk=1h4gt89oa2gv9000
Sustainability Specialist,Earthjustice,Remote US,Bucket 1,Full-Time,https://www.indeed.com/viewjob?jk=fa5da126141a1ec6&qd=6aT68farU9m7icjO5IY02TcOJuvXS98tHg_gDTlx6X-ShDHlXsGVC9IdDfl8x_IOr17gaXw3_7Nd5PuyCvJEKae-lr99myVzt5xig7RdEPFRcN7opQqXGVHkPhOJX6PpNVbuGkvXR_7b87sG_geiaw&indpubnum=8133785542743173&atk=1h4gt89oa2gv9000
Policy Intern,Healthcare Anchor Network,Anywhere,Bucket 1,Internship,https://greenjobs.greenjobsearch.org/jobs/policy-intern/
Three Rivers Project Action Student Intern,Sierra Club,"Alton, IL, United States",Bucket 1,Internship,https://www.climatechangecareers.com/job/sierra-club/alton-il-united-states/three-rivers-project-action-student-intern/
Urban Mobility Communications Intern,World Resources Institute,"Washington, DC, United States",Bucket 1,Internship,https://www.climatechangecareers.com/job/world-resources-institute/washington-dc-united-states/urban-mobility-communications-intern/
Fall/Winter/Spring Intern - Maine,Conservation Law Foundation,"Portland, ME, United States",Bucket 1,Internship,https://www.climatechangecareers.com/job/conservation-law-foundation/portland-me-united-states/fall-winter-spring-intern-maine/
Fall/Winter/Spring Intern - Massachusetts,Conservation Law Foundation,"Boston, MA, United States",Bucket 1,Internship,https://www.climatechangecareers.com/job/conservation-law-foundation/boston-ma-united-states/fall-winter-spring-intern-massachusetts/
Fall/Winter/Spring Intern - New Hampshire,Conservation Law Foundation,"Concord, NH, United States",Bucket 1,Internship,https://www.climatechangecareers.com/job/conservation-law-foundation/concord-nh-united-states/fall-winter-spring-intern-new-hampshire/
"California Climate-Friendly School Food Intern (Remote, CA Resident Preferred)",Friends of the Earth,"Remote (Washington, District of Columbia)",Bucket 5,Internship,https://climatebase.org/job/46642224/california-climate-friendly-school-food-intern-remote-ca-resident-preferred?source=jobs_directory
"California Climate-Friendly School Food Intern (Remote, CA Resident Preferred)",Friends of the Earth,"Remote (Washington, District of Columbia)",Bucket 5,Internship,https://climatebase.org/job/45951473/california-climate-friendly-school-food-intern-remote-ca-resident-preferred?source=jobs_directory
Research Intern,"Climable, Inc.","485 Massachusetts Avenue, Cambridge, MA...",Bucket 1,Internship,https://climatebase.org/job/46621336/research-intern?source=jobs_directory
Public Engagement and ESG Summer Intern,Crusoe,"Denver, CO",Bucket 1,Internship,https://climatebase.org/job/46563456/public-engagement-and-esg-summer-intern?source=jobs_directory
Summer 2023 Health Equity Intern,Natural Resources Defense Council,"Washington, DC, US",Bucket 4,Internship,https://climatebase.org/job/46418338/summer-2023-health-equity-intern?source=jobs_directory
Summer 2023 Clean Energy & Equity Intern,Natural Resources Defense Council,"San Francisco, CA, US",Bucket 6,Internship,https://climatebase.org/job/46418337/summer-2023-clean-energy--equity-intern?source=jobs_directory
Summer 2023 India Science and Health Intern,Natural Resources Defense Council,"Chicago, IL, US",Bucket 5,Internship,https://climatebase.org/job/46404655/summer-2023-india-science-and-health-intern?source=jobs_directory
Summer 2023 Outreach Intern,Natural Resources Defense Council,"Washington, DC, US",Bucket 1,Internship,https://climatebase.org/job/46404650/summer-2023-outreach-intern?source=jobs_directory
Summer 2023 Indigenous Knowledge and Perspectives Internship,Natural Resources Defense Council,"Washington, DC, US",Bucket 7,Internship,https://climatebase.org/job/46397948/summer-2023-indigenous-knowledge-and-perspectives-internship?source=jobs_directory
Summer 2023 Michigan Water Affordability Intern,Natural Resources Defense Council,"Chicago, IL, US",Bucket 7,Internship,https://climatebase.org/job/46374222/summer-2023-michigan-water-affordability-intern?source=jobs_directory
Energy Law Intern,SB Energy DevCo (US) Inc.,"Remote (San Francisco Bay Area, Ca)",Bucket 6,Internship,https://climatebase.org/job/46499401/energy-law-intern?source=jobs_directory
Development Associate Intern (West Coast),SB Energy DevCo (US) Inc.,"San Diego, CA",Bucket 6,Internship,https://climatebase.org/job/46499395/development-associate-intern-west-coast?source=jobs_directory
Regulatory Intelligence Internship - Summer 2023,Advanced Energy Economy,"Remote (Washington, DC, United States)",Bucket 3,Internship,https://climatebase.org/job/46449294/regulatory-intelligence-internship---summer-2023?source=jobs_directory
"Fall 2023 Policy & Legislation Internship ‚Äì Washington, D.C.",Earthjustice,"Remote (United States, United States)",Bucket 1,Internship,https://climatebase.org/job/46438775/fall-2023-policy--legislation-internship--washington-dc?source=jobs_directory
"Fall 2023 Policy & Legislation Internship ‚Äì Washington, D.C.",Earthjustice,"Washington, DC, United States",Bucket 1,Internship,https://climatebase.org/job/46438776/fall-2023-policy--legislation-internship--washington-dc?source=jobs_directory
Graduate Pathways Sustainability Intern,Wisk,"Mountain View, CA",Bucket 8,Internship,https://climatebase.org/job/46592817/graduate-pathways-sustainability-intern?source=jobs_directory
"Environmental, Social, and Governance Sustainability Co-Op (Fall 2023)",Nexamp,"Chicago, IL",Bucket 1,Internship,https://climatebase.org/job/46493164/environmental-social-and-governance-sustainability-co-op-fall-2023?source=jobs_directory
"Environmental, Social, and Governance Sustainability Co-Op (Fall 2023)",Nexamp,"Boston, MA",Bucket 1,Internship,https://climatebase.org/job/46493163/environmental-social-and-governance-sustainability-co-op-fall-2023?source=jobs_directory
Intern,StreetLight Data,"San Francisco, CA",Bucket 5,Internship,https://climatebase.org/job/45148761/intern?source=jobs_directory
Intern,StreetLight Data,"Richmond, VA",Bucket 5,Internship,https://climatebase.org/job/45148762/intern?source=jobs_directory
Sustainability Specialist,SEI: Building Leaders for a Resilient World,"Mountain View, CA, USA",Bucket 1,Paid Fellowship,https://climatebase.org/job/46615049/sustainability-specialist?source=jobs_directory
Climate Resilience and Community Innovation Fellow,SEI: Building Leaders for a Resilient World,"Remote (Oregon, USA)",Bucket 3,Paid Fellowship,https://climatebase.org/job/46615047/climate-resilience-and-community-innovation-fellow?source=jobs_directory
Silicon Valley Clean Energy Fellowships,SEI: Building Leaders for a Resilient World,"Sunnyvale, CA, USA",Bucket 6,Paid Fellowship,https://climatebase.org/job/46615046/silicon-valley-clean-energy-fellowships?source=jobs_directory
USFS Research Opportunity for Forest and Wildlife Research in Sierra Nevada,U\.S\. Department of Agriculture \(USDA\),"Fresno, CA",Bucket 1,Paid Internships,https://www.conservationjobboard.com/job-listing-usfs-research-opportunity-for-forest-and-wildlife-research-in-sierra-nevada-fresno-california/5331122222
Youth Programs Assistant,"Santa Rosa, CA",Sonoma Land Trust,Bucket 8,Full-Time,https://www.conservationjobboard.com/job-listing-youth-programs-assistant-santa-rosa-california/4508426271
Campaign and Policy Manager: Clean Energy and Climate Justice,"Richmond, VA",Virginia Conservation Network,Bucket 1,Full-Time,https://www.conservationjobboard.com/job-listing-campaign-and-policy-manager-clean-energy-and-climate-justice-richmond-virginia/5017139943?from=feat-1
Crew Member: Ecological Monitoring in Grand Junction,"Grand Junction, CO",Southwest Conservation Corps,Bucket 7,Full-Time,https://www.conservationjobboard.com/job-listing-immediate-opening-crew-member-ecological-monitoring-in-grand-junction-grand-junction-colorado/9229005490
"Associate Attorney, California Regional","Los Angeles or San Francisco, CA",Earthjustice,Bucket 1,Full-Time,https://www.conservationjobboard.com/job-listing-associate-attorney-california-regional-los-angeles-or-san-francisco-california/3063351466
Citizens Advisory Committee Project Associate,"Richmond, VA",Alliance for the Chesapeake Bay,Bucket 1,Full-Time,https://www.conservationjobboard.com/job-listing-citizens-advisory-committee-project-associate-richmond-virginia/6027359010
"Associate Attorney, California Regional","Los Angeles or San Francisco, CA",Earthjustice,Bucket 1,Full-Time,https://www.conservationjobboard.com/job-listing-associate-attorney-california-regional-los-angeles-or-san-francisco-california/3063351466
